key,dex,name,atk,def,hp,types,family
abomasnow,460,Abomasnow,178,158,207,grass|ice,SNOVER
abomasnowmega,460,Abomasnow (Mega),240,191,207,grass|ice,SNOVER
abra,63,Abra,195,82,93,psychic,ABRA
absol,359,Absol,246,120,163,dark,
absolmega,359,Absol (Mega),314,130,163,dark,
accelgor,617,Accelgor,220,120,190,bug,SHELMET
aegislashblade,681,Aegislash (Blade),272,97,155,steel|ghost,HONEDGE
aegislashshield,681,Aegislash (Shield),97,272,155,steel|ghost,HONEDGE
aerodactyl,142,Aerodactyl,221,159,190,rock|flying,
aerodactylmega,142,Aerodactyl (Mega),292,210,190,rock|flying,
aggron,306,Aggron,198,257,172,steel|rock,ARON
aggronmega,306,Aggron (Mega),247,331,172,steel,
aipom,190,Aipom,136,112,146,normal,AIPOM
alakazam,65,Alakazam,271,167,146,psychic,ABRA
alakazammega,65,Alakazam (Mega),367,207,146,psychic,
alcremie,869,Alcremie,203,203,163,fairy,MILCERY
alomomola,594,Alomomola,138,131,338,water,
altaria,334,Altaria,141,201,181,dragon|flying,SWABLU
altariamega,334,Altaria (Mega),222,218,181,dragon|fairy,SWABLU
amaura,698,Amaura,124,109,184,rock|ice,AMAURA
ambipom,424,Ambipom,205,143,181,normal,AIPOM
amoonguss,591,Amoonguss,155,139,249,grass|poison,FOONGUS
ampharos,181,Ampharos,211,169,207,electric,MAREEP
ampharosmega,181,Ampharos (Mega),294,203,207,electric|dragon,MAREEP
annihilape,979,Annihilape,220,178,242,fighting|ghost,MANKEY
anorith,347,Anorith,176,100,128,rock|bug,ANORITH
appletun,842,Appletun,178,146,242,grass|dragon,APPLIN
applin,840,Applin,71,116,120,grass|dragon,APPLIN
araquanid,752,Araquanid,126,219,169,water|bug,DEWPIDER
arbok,24,Arbok,167,153,155,poison,EKANS
arboliva,930,Arboliva,219,189,186,grass|normal,SMOLIV
arcanine,59,Arcanine,227,166,207,fire,GROWLITHE
arcaninehisuian,59,Arcanine (Hisuian),232,165,216,fire|rock,GROWLITHE
arceus,493,Arceus,238,238,237,normal,
arceusbug,493,Arceus (Bug),238,238,237,bug,
arceusdark,493,Arceus (Dark),238,238,237,dark,
arceusdragon,493,Arceus (Dragon),238,238,237,dragon,
arceuselectric,493,Arceus (Electric),238,238,237,electric,
arceusfairy,493,Arceus (Fairy),238,238,237,fairy,
arceusfighting,493,Arceus (Fighting),238,238,237,fighting,
arceusfire,493,Arceus (Fire),238,238,237,fire,
arceusflying,493,Arceus (Flying),238,238,237,flying,
arceusghost,493,Arceus (Ghost),238,238,237,ghost,
arceusgrass,493,Arceus (Grass),238,238,237,grass,
arceusground,493,Arceus (Ground),238,238,237,ground,
arceusice,493,Arceus (Ice),238,238,237,ice,
arceuspoison,493,Arceus (Poison),238,238,237,poison,
arceuspsychic,493,Arceus (Psychic),238,238,237,psychic,
arceusrock,493,Arceus (Rock),238,238,237,rock,
arceussteel,493,Arceus (Steel),238,238,237,steel,
arceuswater,493,Arceus (Water),238,238,237,water,
archaludon,1018,Archaludon,250,215,207,steel|dragon,DURALUDON
archen,566,Archen,213,89,146,rock|flying,ARCHEN
archeops,567,Archeops,292,139,181,rock|flying,ARCHEN
arctibax,997,Arctibax,173,128,207,dragon|ice,FRIGIBAX
arctovish,883,Arctovish,171,185,207,water|ice,
arctozolt,881,Arctozolt,190,166,207,electric|ice,
ariados,168,Ariados,161,124,172,bug|poison,SPINARAK
armaldo,348,Armaldo,222,174,181,rock|bug,ANORITH
armarouge,936,Armarouge,234,185,198,fire|psychic,CHARCADET
aromatisse,683,Aromatisse,173,150,226,fairy,SPRITZEE
aron,304,Aron,121,141,137,steel|rock,ARON
arrokuda,846,Arrokuda,118,72,121,water,ARROKUDA
articuno,144,Articuno,192,236,207,ice|flying,
articunogalarian,144,Articuno (Galarian),250,197,207,psychic|flying,
audino,531,Audino,114,163,230,normal,
audinomega,531,Audino (Mega),147,239,230,normal|fairy,
aurorus,699,Aurorus,186,163,265,rock|ice,AMAURA
avalugg,713,Avalugg,196,240,216,ice,BERGMITE
avalugghisuian,713,Avalugg (Hisuian),214,238,216,ice|rock,BERGMITE
axew,610,Axew,154,101,130,dragon,AXEW
azelf,482,Azelf,270,151,181,psychic,
azumarill,184,Azumarill,112,152,225,water|fairy,MARILL
azurill,298,Azurill,36,71,137,normal|fairy,MARILL
bagon,371,Bagon,134,93,128,dragon,BAGON
baltoy,343,Baltoy,77,124,120,ground|psychic,BALTOY
banette,354,Banette,218,126,162,ghost,SHUPPET
banettemega,354,Banette (Mega),312,160,162,ghost,
barbaracle,689,Barbaracle,194,205,176,rock|water,BINACLE
barboach,339,Barboach,93,82,137,water|ground,BARBOACH
barraskewda,847,Barraskewda,258,127,156,water,ARROKUDA
basculegionfemale,902,Basculegion (Female),199,144,260,water|ghost,BASCULIN
basculegionmale,902,Basculegion (Male),217,144,260,water|ghost,BASCULIN
basculin,550,Basculin,189,129,172,water,BASCULIN
bastiodon,411,Bastiodon,94,286,155,rock|steel,SHIELDON
baxcalibur,998,Baxcalibur,254,168,229,dragon|ice,FRIGIBAX
bayleef,153,Bayleef,122,155,155,grass,CHIKORITA
beartic,614,Beartic,233,152,216,ice,CUBCHOO
beautifly,267,Beautifly,189,98,155,bug|flying,WURMPLE
beedrill,15,Beedrill,169,130,163,bug|poison,WEEDLE
beedrillmega,15,Beedrill (Mega),303,148,163,bug|poison,WEEDLE
beheeyem,606,Beheeyem,221,163,181,psychic,ELGYEM
beldum,374,Beldum,96,132,120,steel|psychic,BELDUM
bellibolt,939,Bellibolt,184,165,240,electric,TADBULB
bellossom,182,Bellossom,169,186,181,grass,ODDISH
bellsprout,69,Bellsprout,139,61,137,grass|poison,BELLSPROUT
bergmite,712,Bergmite,117,120,146,ice,BERGMITE
bewear,760,Bewear,226,141,260,normal|fighting,STUFFUL
bibarel,400,Bibarel,162,119,188,normal|water,BIDOOF
bidoof,399,Bidoof,80,73,153,normal,BIDOOF
binacle,688,Binacle,96,120,123,rock|water,BINACLE
bisharp,625,Bisharp,232,176,163,dark|steel,PAWNIARD
blacephalon,806,Blacephalon,315,148,142,fire|ghost,
blastoise,9,Blastoise,171,207,188,water,SQUIRTLE
blastoisemega,9,Blastoise (Mega),264,237,188,water,SQUIRTLE
blaziken,257,Blaziken,240,141,190,fire|fighting,TORCHIC
blazikenmega,257,Blaziken (Mega),329,168,190,fire|fighting,
blipbug,824,Blipbug,46,67,93,bug,BLIPBUG
blissey,242,Blissey,129,169,496,normal,CHANSEY
blitzle,522,Blitzle,118,64,128,electric,BLITZLE
boldore,525,Boldore,174,143,172,rock,ROGGENROLA
boltund,836,Boltund,197,131,170,electric,YAMPER
bombirdier,962,Bombirdier,198,172,172,flying|dark,
bonsly,438,Bonsly,124,133,137,rock,SUDOWOODO
bouffalant,626,Bouffalant,195,182,216,normal,
bounsweet,761,Bounsweet,55,69,123,grass,BOUNSWEET
braixen,654,Braixen,171,130,153,fire,FENNEKIN
brambleghast,947,Brambleghast,228,144,146,grass|ghost,BRAMBLIN
bramblin,946,Bramblin,121,64,120,grass|ghost,BRAMBLIN
braviary,628,Braviary,232,152,225,normal|flying,RUFFLET
braviaryhisuian,628,Braviary (Hisuian),213,137,242,psychic|flying,RUFFLET
breloom,286,Breloom,241,144,155,grass|fighting,SHROOMISH
brionne,729,Brionne,168,145,155,water,POPPLIO
bronzong,437,Bronzong,161,213,167,steel|psychic,BRONZOR
bronzor,436,Bronzor,43,154,149,steel|psychic,BRONZOR
brutebonnet,986,Brutebonnet,232,190,244,grass|dark,
bruxish,779,Bruxish,208,145,169,water|psychic,
budew,406,Budew,91,109,120,grass|poison,ROSELIA
buizel,418,Buizel,132,67,146,water,BUIZEL
bulbasaur,1,Bulbasaur,118,111,128,grass|poison,BULBASAUR
buneary,427,Buneary,130,105,146,normal,BUNEARY
bunnelby,659,Bunnelby,68,72,116,normal,BUNNELBY
burmyplant,412,Burmy (Plant),53,83,120,bug,BURMY
burmysandy,412,Burmy (Sandy),53,83,120,bug,BURMY
burmytrash,412,Burmy (Trash),53,83,120,bug,BURMY
butterfree,12,Butterfree,167,137,155,bug|flying,CATERPIE
buzzwole,794,Buzzwole,236,196,216,bug|fighting,
cacnea,331,Cacnea,156,74,137,grass,CACNEA
cacturne,332,Cacturne,221,115,172,grass|dark,CACNEA
calyrex,898,Calyrex,162,162,225,psychic|grass,
calyrexicerider,898,Calyrex (Ice Rider),268,246,205,psychic|ice,
camerupt,323,Camerupt,194,136,172,fire|ground,NUMEL
cameruptmega,323,Camerupt (Mega),253,183,172,fire|ground,NUMEL
capsakid,951,Capsakid,118,76,137,grass,CAPSAKID
carbink,703,Carbink,95,285,137,rock|fairy,
carkol,838,Carkol,114,157,190,rock|fire,ROLYCOLY
carnivine,455,Carnivine,187,136,179,grass,
carracosta,565,Carracosta,192,197,179,water|rock,TIRTOUGA
carvanha,318,Carvanha,171,39,128,water|dark,CARVANHA
cascoon,268,Cascoon,60,77,137,bug,WURMPLE
castform,351,Castform,139,139,172,normal,
castformrainy,351,Castform (Rainy),139,139,172,water,
castformsnowy,351,Castform (Snowy),139,139,172,ice,
castformsunny,351,Castform (Sunny),139,139,172,fire,
caterpie,10,Caterpie,55,55,128,bug,CATERPIE
celebi,251,Celebi,210,210,225,psychic|grass,
celesteela,797,Celesteela,207,199,219,steel|flying,
centiskorch,851,Centiskorch,220,158,225,fire|bug,SIZZLIPEDE
ceruledge,937,Ceruledge,239,189,181,fire|ghost,CHARCADET
cetitan,975,Cetitan,208,123,347,ice,CETODDLE
cetoddle,974,Cetoddle,119,80,239,ice,CETODDLE
chandelure,609,Chandelure,271,182,155,ghost|fire,LITWICK
chansey,113,Chansey,60,128,487,normal,CHANSEY
charcadet,935,Charcadet,92,74,120,fire,CHARCADET
charizard,6,Charizard,223,173,186,fire|flying,CHARMANDER
charizardmegax,6,Charizard (Mega X),273,213,186,fire|dragon,CHARMANDER
charizardmegay,6,Charizard (Mega Y),319,212,186,fire|flying,CHARMANDER
charjabug,737,Charjabug,145,161,149,bug|electric,GRUBBIN
charmander,4,Charmander,116,93,118,fire,CHARMANDER
charmeleon,5,Charmeleon,158,126,151,fire,CHARMANDER
chatot,441,Chatot,183,91,183,normal|flying,
cherrimovercast,421,Cherrim (Overcast),170,153,172,grass,CHERUBI
cherrimsunshine,421,Cherrim (Sunshine),170,153,172,grass,CHERUBI
cherubi,420,Cherubi,108,92,128,grass,CHERUBI
chesnaught,652,Chesnaught,201,204,204,grass|fighting,CHESPIN
chespin,650,Chespin,110,106,148,grass,CHESPIN
chewtle,833,Chewtle,114,85,137,water,CHEWTLE
chienpao,1002,Chien-Pao,261,167,190,dark|ice,
chikorita,152,Chikorita,92,122,128,grass,CHIKORITA
chimchar,390,Chimchar,113,86,127,fire,CHIMCHAR
chimecho,358,Chimecho,175,170,181,psychic,CHIMECHO
chinchou,170,Chinchou,106,97,181,water|electric,CHINCHOU
chingling,433,Chingling,114,94,128,psychic,CHIMECHO
chiyu,1004,Chi-Yu,269,221,146,dark|fire,
cinccino,573,Cinccino,198,130,181,normal,MINCCINO
cinderace,815,Cinderace,238,163,190,fire,SCORBUNNY
clamperl,366,Clamperl,133,135,111,water,CLAMPERL
clauncher,692,Clauncher,108,117,137,water,CLAUNCHER
clawitzer,693,Clawitzer,221,171,174,water,CLAUNCHER
claydol,344,Claydol,140,229,155,ground|psychic,BALTOY
clefable,36,Clefable,178,162,216,fairy,CLEFAIRY
clefairy,35,Clefairy,107,108,172,fairy,CLEFAIRY
cleffa,173,Cleffa,75,79,137,fairy,CLEFAIRY
clobbopus,852,Clobbopus,121,103,137,fighting,CLOBBOPUS
clodsire,980,Clodsire,127,151,277,poison|ground,WOOPER_PALDEAN
cloyster,91,Cloyster,186,256,137,water|ice,SHELLDER
coalossal,839,Coalossal,146,198,242,rock|fire,ROLYCOLY
cobalion,638,Cobalion,192,229,209,steel|fighting,
cofagrigus,563,Cofagrigus,163,237,151,ghost,YAMASK
combee,415,Combee,59,83,102,bug|flying,COMBEE
combusken,256,Combusken,163,115,155,fire|fighting,TORCHIC
comfey,764,Comfey,165,215,139,fairy,
conkeldurr,534,Conkeldurr,243,158,233,fighting,TIMBURR
copperajah,879,Copperajah,226,126,263,steel,CUFANT
corphish,341,Corphish,141,99,125,water,CORPHISH
corsola,222,Corsola,118,156,146,water|rock,
corsolagalarian,222,Corsola (Galarian),116,182,155,ghost,
corviknight,823,Corviknight,163,192,221,flying|steel,ROOKIDEE
corvisquire,822,Corvisquire,129,110,169,flying,ROOKIDEE
cosmoem,790,Cosmoem,54,242,125,psychic,COSMOG
cosmog,789,Cosmog,54,57,125,psychic,COSMOG
cottonee,546,Cottonee,71,111,120,grass|fairy,COTTONEE
crabominable,740,Crabominable,231,138,219,fighting|ice,CRABRAWLER
crabrawler,739,Crabrawler,150,104,132,fighting,CRABRAWLER
cradily,346,Cradily,152,194,200,rock|grass,LILEEP
cramorant,845,Cramorant,173,163,172,flying|water,
cranidos,408,Cranidos,218,71,167,rock,CRANIDOS
crawdaunt,342,Crawdaunt,224,142,160,water|dark,CORPHISH
cresselia,488,Cresselia,152,258,260,psychic,
croagunk,453,Croagunk,116,76,134,poison|fighting,CROAGUNK
crobat,169,Crobat,194,178,198,poison|flying,ZUBAT
crocalor,910,Crocalor,162,134,191,fire,FUECOCO
croconaw,159,Croconaw,150,142,163,water,TOTODILE
crustle,558,Crustle,188,200,172,bug|rock,DWEBBLE
cryogonal,615,Cryogonal,190,218,190,ice,
cubchoo,613,Cubchoo,128,74,146,ice,CUBCHOO
cubone,104,Cubone,90,144,137,ground,CUBONE
cufant,878,Cufant,140,91,176,steel,CUFANT
cursola,864,Cursola,253,182,155,ghost,CORSOLA
cutiefly,742,Cutiefly,110,81,120,bug|fairy,CUTIEFLY
cyclizar,967,Cyclizar,205,142,172,dragon|normal,
cyndaquil,155,Cyndaquil,116,93,118,fire,CYNDAQUIL
dachsbun,927,Dachsbun,159,212,149,fairy,FIDOUGH
darkrai,491,Darkrai,285,198,172,dark,
darmanitangalarian,555,Darmanitan (Galarian),263,114,233,ice,DARUMAKA
darmanitangalarianzen,555,Darmanitan (Galarian Zen),323,123,233,ice|fire,DARUMAKA
darmanitanstandard,555,Darmanitan (Standard),263,114,233,fire,DARUMAKA
darmanitanzen,555,Darmanitan (Zen),243,202,233,fire|psychic,DARUMAKA
dartrix,723,Dartrix,142,139,186,grass|flying,ROWLET
darumaka,554,Darumaka,153,86,172,fire,DARUMAKA
darumakagalarian,554,Darumaka (Galarian),153,86,172,ice,DARUMAKA
decidueye,724,Decidueye,210,179,186,grass|ghost,ROWLET
decidueyehisuian,724,Decidueye (Hisuian),213,174,204,grass|fighting,ROWLET
dedenne,702,Dedenne,164,134,167,electric|fairy,
deerling,585,Deerling,115,100,155,normal|grass,DEERLING
deino,633,Deino,116,93,141,dark|dragon,DEINO
delcatty,301,Delcatty,132,127,172,normal,SKITTY
delibird,225,Delibird,128,90,128,ice|flying,
delphox,655,Delphox,230,189,181,fire|psychic,FENNEKIN
deoxys,386,Deoxys,345,115,137,psychic,
deoxysattack,386,Deoxys (Attack),414,46,137,psychic,
deoxysdefense,386,Deoxys (Defense),144,330,137,psychic,
deoxysspeed,386,Deoxys (Speed),230,218,137,psychic,
dewgong,87,Dewgong,139,177,207,water|ice,SEEL
dewott,502,Dewott,159,116,181,water,OSHAWOTT
dewpider,751,Dewpider,72,117,116,water|bug,DEWPIDER
dhelmise,781,Dhelmise,233,179,172,ghost|grass,
dialga,483,Dialga,275,211,205,steel|dragon,
dialgaorigin,483,Dialga (Origin),270,225,205,steel|dragon,
diancie,719,Diancie,190,285,137,rock|fairy,
dianciemega,719,Diancie (Mega),342,235,137,rock|fairy,
diggersby,660,Diggersby,112,155,198,normal|ground,BUNNELBY
diglett,50,Diglett,109,78,67,ground,DIGLETT
diglettalolan,50,Diglett (Alolan),108,81,67,ground|steel,DIGLETT
dipplin,1011,Dipplin,173,184,190,grass|dragon,APPLIN
ditto,132,Ditto,91,91,134,normal,
dodrio,85,Dodrio,218,140,155,normal|flying,DODUO
doduo,84,Doduo,158,83,111,normal|flying,DODUO
dolliv,929,Dolliv,137,131,141,grass|normal,SMOLIV
dondozo,977,Dondozo,176,178,312,water,
donphan,232,Donphan,214,185,207,ground,PHANPY
dottler,825,Dottler,87,157,137,bug|psychic,BLIPBUG
doublade,680,Doublade,188,206,153,steel|ghost,HONEDGE
dracovish,882,Dracovish,175,185,207,water|dragon,
dracozolt,880,Dracozolt,195,165,207,electric|dragon,
dragalge,691,Dragalge,177,207,163,poison|dragon,SKRELP
dragapult,887,Dragapult,266,170,204,dragon|ghost,DREEPY
dragonair,148,Dragonair,163,135,156,dragon,DRATINI
dragonite,149,Dragonite,263,198,209,dragon|flying,DRATINI
dragonitemega,149,Dragonite (Mega),299,255,209,dragon|flying,DRATINI
drakloak,886,Drakloak,163,105,169,dragon|ghost,DREEPY
drampa,780,Drampa,231,164,186,normal|dragon,
drapion,452,Drapion,180,202,172,poison|dark,SKORUPI
dratini,147,Dratini,119,91,121,dragon,DRATINI
drednaw,834,Drednaw,213,164,207,water|rock,CHEWTLE
dreepy,885,Dreepy,117,61,99,dragon|ghost,DREEPY
drifblim,426,Drifblim,180,102,312,ghost|flying,DRIFLOON
drifloon,425,Drifloon,117,80,207,ghost|flying,DRIFLOON
drilbur,529,Drilbur,154,85,155,ground,DRILBUR
drizzile,817,Drizzile,186,113,163,water,SOBBLE
drowzee,96,Drowzee,89,136,155,psychic,DROWZEE
druddigon,621,Druddigon,213,170,184,dragon,
dubwool,832,Dubwool,159,198,176,normal,WOOLOO
ducklett,580,Ducklett,84,96,158,water|flying,DUCKLETT
dudunsparce,982,Dudunsparce,188,150,268,normal,DUNSPARCE
dugtrio,51,Dugtrio,167,136,111,ground,DIGLETT
dugtrioalolan,51,Dugtrio (Alolan),201,142,111,ground|steel,DIGLETT
dunsparce,206,Dunsparce,131,128,225,normal,DUNSPARCE
duosion,578,Duosion,208,103,163,psychic,SOLOSIS
duraludon,884,Duraludon,239,185,172,steel|dragon,DURALUDON
durant,632,Durant,217,188,151,bug|steel,
dusclops,356,Dusclops,124,234,120,ghost,DUSKULL
dusknoir,477,Dusknoir,180,254,128,ghost,DUSKULL
duskull,355,Duskull,70,162,85,ghost,DUSKULL
dustox,269,Dustox,98,162,155,bug|poison,WURMPLE
dwebble,557,Dwebble,118,128,137,bug|rock,DWEBBLE
eelektrik,603,Eelektrik,156,130,163,electric,TYNAMO
eelektross,604,Eelektross,217,152,198,electric,TYNAMO
eevee,133,Eevee,104,114,146,normal,EEVEE
eiscue,875,Eiscue,148,195,181,ice,
eiscueice,875,Eiscue (Ice),148,195,181,ice,
eiscuenoice,875,Eiscue (Noice),173,139,181,ice,
ekans,23,Ekans,110,97,111,poison,EKANS
eldegoss,830,Eldegoss,148,211,155,grass,GOSSIFLEUR
electabuzz,125,Electabuzz,198,158,163,electric,ELECTABUZZ
electivire,466,Electivire,249,163,181,electric,ELECTABUZZ
electrike,309,Electrike,123,78,120,electric,ELECTRIKE
electrode,101,Electrode,173,173,155,electric,VOLTORB
electrodehisuian,101,Electrode (Hisuian),176,176,155,electric|grass,VOLTORB
elekid,239,Elekid,135,101,128,electric,ELECTABUZZ
elgyem,605,Elgyem,148,100,146,psychic,ELGYEM
emboar,500,Emboar,235,127,242,fire|fighting,TEPIG
emolga,587,Emolga,158,127,146,electric|flying,
empoleon,395,Empoleon,210,186,197,water|steel,PIPLUP
enamorusincarnate,905,Enamorus (Incarnate),281,162,179,fairy|flying,
enamorustherian,905,Enamorus (Therian),250,201,179,fairy|flying,
entei,244,Entei,235,171,251,fire,
escavalier,589,Escavalier,223,187,172,bug|steel,KARRABLAST
espathra,956,Espathra,204,127,216,psychic,FLITTLE
espeon,196,Espeon,261,175,163,psychic,EEVEE
espurr,677,Espurr,120,114,158,psychic,ESPURR
eternatus,890,Eternatus,278,192,268,poison|dragon,
eternatuseternamax,890,Eternatus (Eternamax),251,505,452,poison|dragon,
excadrill,530,Excadrill,255,129,242,ground|steel,DRILBUR
exeggcute,102,Exeggcute,107,125,155,grass|psychic,EXEGGCUTE
exeggutor,103,Exeggutor,233,149,216,grass|psychic,EXEGGCUTE
exeggutoralolan,103,Exeggutor (Alolan),230,153,216,grass|dragon,EXEGGCUTE
exploud,295,Exploud,179,137,232,normal,WHISMUR
falinks,870,Falinks,193,170,163,fighting,
falinksmega,870,Falinks (Mega),267,229,163,fighting,
farfetchd,83,Farfetch'd,124,115,141,normal|flying,
farfetchdgalarian,83,Farfetch'd (Galarian),174,114,141,fighting,FARFETCHD
farigiraf,981,Farigiraf,209,136,260,normal|psychic,GIRAFARIG
fearow,22,Fearow,182,133,163,normal|flying,SPEAROW
feebas,349,Feebas,29,85,85,water,FEEBAS
fennekin,653,Fennekin,116,102,120,fire,FENNEKIN
feraligatr,160,Feraligatr,205,188,198,water,TOTODILE
ferroseed,597,Ferroseed,82,155,127,grass|steel,FERROSEED
ferrothorn,598,Ferrothorn,158,223,179,grass|steel,FERROSEED
fezandipiti,1016,Fezandipiti,169,208,186,poison|fairy,
fidough,926,Fidough,102,126,114,fairy,FIDOUGH
finizen,963,Finizen,90,80,172,water,FINIZEN
finneon,456,Finneon,96,116,135,water,FINNEON
flaaffy,180,Flaaffy,145,109,172,electric,MAREEP
flabebe,669,Flabebe,108,120,127,fairy,FLABEBE
flamigo,973,Flamigo,227,145,193,flying|fighting,
flapple,841,Flapple,214,144,172,grass|dragon,APPLIN
flareon,136,Flareon,246,179,163,fire,EEVEE
fletchinder,662,Fletchinder,145,110,158,fire|flying,FLETCHLING
fletchling,661,Fletchling,95,80,128,normal|flying,FLETCHLING
flittle,955,Flittle,105,60,102,psychic,FLITTLE
floatzel,419,Floatzel,221,114,198,water,BUIZEL
floette,670,Floette,136,151,144,fairy,FLABEBE
floragato,907,Floragato,157,128,156,grass,SPRIGATITO
florges,671,Florges,212,244,186,fairy,FLABEBE
fluttermane,987,Fluttermane,280,235,146,ghost|fairy,
flygon,330,Flygon,205,168,190,ground|dragon,TRAPINCH
fomantis,753,Fomantis,100,64,120,grass,FOMANTIS
foongus,590,Foongus,97,91,170,grass|poison,FOONGUS
forretress,205,Forretress,161,205,181,bug|steel,PINECO
fraxure,611,Fraxure,212,123,165,dragon,AXEW
frigibax,996,Frigibax,134,86,163,dragon|ice,FRIGIBAX
frillish,592,Frillish,115,134,146,water|ghost,FRILLISH
froakie,656,Froakie,122,84,121,water,FROAKIE
frogadier,657,Frogadier,168,114,144,water,FROAKIE
froslass,478,Froslass,171,150,172,ice|ghost,SNORUNT
frosmoth,873,Frosmoth,230,155,172,ice|bug,SNOM
fuecoco,909,Fuecoco,112,96,167,fire,FUECOCO
furfrou,676,Furfrou,164,167,181,normal,
furret,162,Furret,148,125,198,normal,SENTRET
gabite,444,Gabite,172,125,169,dragon|ground,GIBLE
gallade,475,Gallade,237,195,169,psychic|fighting,RALTS
gallademega,475,Gallade (Mega),326,230,169,psychic|fighting,
galvantula,596,Galvantula,201,128,172,bug|electric,JOLTIK
garbodor,569,Garbodor,181,164,190,poison,TRUBBISH
garchomp,445,Garchomp,261,193,239,dragon|ground,GIBLE
garchompmega,445,Garchomp (Mega),339,222,239,dragon|ground,
gardevoir,282,Gardevoir,237,195,169,psychic|fairy,RALTS
gardevoirmega,282,Gardevoir (Mega),326,229,169,psychic|fairy,
garganacl,934,Garganacl,171,212,225,rock,NACLI
gastly,92,Gastly,186,67,102,ghost|poison,GASTLY
gastrodon,423,Gastrodon,169,143,244,water|ground,
genesect,649,Genesect,252,199,174,bug|steel,
genesectburn,649,Genesect (Burn),252,199,174,bug|steel,
genesectchill,649,Genesect (Chill),252,199,174,bug|steel,
genesectdouse,649,Genesect (Douse),252,199,174,bug|steel,
genesectshock,649,Genesect (Shock),252,199,174,bug|steel,
gengar,94,Gengar,261,149,155,ghost|poison,GASTLY
gengarmega,94,Gengar (Mega),349,199,155,ghost|poison,GASTLY
geodude,74,Geodude,132,132,120,rock|ground,GEODUDE
geodudealolan,74,Geodude (Alolan),132,132,120,rock|electric,GEODUDE
gholdengo,1000,Gholdengo,252,190,202,steel|ghost,GIMMIGHOUL
gible,443,Gible,124,84,151,dragon|ground,GIBLE
gigalith,526,Gigalith,226,201,198,rock,ROGGENROLA
gimmighoul,999,Gimmighoul,140,76,128,ghost,GIMMIGHOUL
girafarig,203,Girafarig,182,133,172,normal|psychic,GIRAFARIG
giratinaaltered,487,Giratina (Altered),187,225,284,ghost|dragon,
giratinaorigin,487,Giratina (Origin),225,187,284,ghost|dragon,
glaceon,471,Glaceon,238,205,163,ice,EEVEE
glalie,362,Glalie,162,162,190,ice,SNORUNT
glaliemega,362,Glalie (Mega),252,168,190,ice,
glameow,431,Glameow,109,82,135,normal,GLAMEOW
glastrier,896,Glastrier,246,223,225,ice,
gligar,207,Gligar,143,184,163,ground|flying,GLIGAR
glimmet,969,Glimmet,187,104,134,rock|poison,GLIMMET
glimmora,970,Glimmora,246,177,195,rock|poison,GLIMMET
gliscor,472,Gliscor,185,222,181,ground|flying,GLIGAR
gloom,44,Gloom,153,136,155,grass|poison,ODDISH
gogoat,673,Gogoat,196,146,265,grass,SKIDDO
golbat,42,Golbat,161,150,181,poison|flying,ZUBAT
goldeen,118,Goldeen,123,110,128,water,GOLDEEN
golduck,55,Golduck,191,162,190,water,PSYDUCK
golem,76,Golem,211,198,190,rock|ground,GEODUDE
golemalolan,76,Golem (Alolan),211,198,190,rock|electric,GEODUDE
golett,622,Golett,127,92,153,ground|ghost,GOLETT
golisopod,768,Golisopod,218,226,181,bug|water,WIMPOD
golurk,623,Golurk,222,154,205,ground|ghost,GOLETT
goodra,706,Goodra,220,242,207,dragon,GOOMY
goomy,704,Goomy,101,112,128,dragon,GOOMY
gorebyss,368,Gorebyss,211,179,146,water,CLAMPERL
gossifleur,829,Gossifleur,70,104,120,grass,GOSSIFLEUR
gothita,574,Gothita,98,112,128,psychic,GOTHITA
gothitelle,576,Gothitelle,176,205,172,psychic,GOTHITA
gothorita,575,Gothorita,137,153,155,psychic,GOTHITA
gougingfire,1020,Gouging Fire,205,208,213,fire|dragon,
gourgeistaverage,711,Gourgeist (Average),175,213,163,ghost|grass,PUMPKABOO
gourgeistlarge,711,Gourgeist (Large),179,206,181,ghost|grass,PUMPKABOO
gourgeistsmall,711,Gourgeist (Small),171,219,146,ghost|grass,PUMPKABOO
gourgeistsuper,711,Gourgeist (Super),182,200,198,ghost|grass,PUMPKABOO
grafaiai,945,Grafaiai,199,149,160,poison|normal,SHROODLE
granbull,210,Granbull,212,131,207,fairy,SNUBBULL
grapploct,853,Grapploct,209,162,190,fighting,CLOBBOPUS
graveler,75,Graveler,164,164,146,rock|ground,GEODUDE
graveleralolan,75,Graveler (Alolan),164,164,146,rock|electric,GEODUDE
greattusk,984,Greattusk,249,209,251,ground|fighting,
greavard,971,Greavard,105,106,137,ghost,GREAVARD
greedent,820,Greedent,160,156,260,normal,SKWOVET
greninja,658,Greninja,223,152,176,water|dark,FROAKIE
grimer,88,Grimer,135,90,190,poison,GRIMER
grimeralolan,88,Grimer (Alolan),135,90,190,poison|dark,GRIMER
grimmsnarl,861,Grimmsnarl,227,139,216,dark|fairy,IMPIDIMP
grookey,810,Grookey,122,91,137,grass,GROOKEY
grotle,388,Grotle,157,143,181,grass,TURTWIG
groudon,383,Groudon,270,228,205,ground,
groudonprimal,383,Groudon (Primal),353,268,218,fire|ground,
grovyle,253,Grovyle,172,120,137,grass,TREECKO
growlithe,58,Growlithe,136,93,146,fire,GROWLITHE
growlithehisuian,58,Growlithe (Hisuian),142,92,155,fire|rock,GROWLITHE
grubbin,736,Grubbin,115,85,132,bug,GRUBBIN
grumpig,326,Grumpig,171,188,190,psychic,SPOINK
gulpin,316,Gulpin,80,99,172,poison,GULPIN
gumshoos,735,Gumshoos,194,113,204,normal,YUNGOOS
gurdurr,533,Gurdurr,180,134,198,fighting,TIMBURR
guzzlord,799,Guzzlord,188,99,440,dark|dragon,
gyarados,130,Gyarados,237,186,216,water|flying,MAGIKARP
gyaradosmega,130,Gyarados (Mega),292,247,216,water|dark,MAGIKARP
hakamoo,783,Hakamo-o,145,162,146,dragon|fighting,JANGMO_O
happiny,440,Happiny,25,77,225,normal,CHANSEY
hariyama,297,Hariyama,209,114,302,fighting,MAKUHITA
hatenna,856,Hatenna,98,93,123,psychic,HATENNA
hatterene,858,Hatterene,237,182,149,psychic|fairy,HATENNA
hattrem,857,Hattrem,153,133,149,psychic,HATENNA
haunter,93,Haunter,223,107,128,ghost|poison,GASTLY
hawlucha,701,Hawlucha,195,153,186,fighting|flying,
haxorus,612,Haxorus,284,172,183,dragon,AXEW
heatmor,631,Heatmor,204,129,198,fire,
heatran,485,Heatran,251,213,209,fire|steel,
heliolisk,695,Heliolisk,219,168,158,electric|normal,HELIOPTILE
helioptile,694,Helioptile,115,78,127,electric|normal,HELIOPTILE
heracross,214,Heracross,234,179,190,bug|fighting,
heracrossmega,214,Heracross (Mega),334,223,190,bug|fighting,
herdier,507,Herdier,145,126,163,normal,LILLIPUP
hippopotas,449,Hippopotas,124,118,169,ground,HIPPOPOTAS
hippowdon,450,Hippowdon,201,191,239,ground,HIPPOPOTAS
hitmonchan,107,Hitmonchan,193,197,137,fighting,TYROGUE
hitmonlee,106,Hitmonlee,224,181,137,fighting,TYROGUE
hitmontop,237,Hitmontop,173,207,137,fighting,TYROGUE
honchkrow,430,Honchkrow,243,103,225,dark|flying,MURKROW
honedge,679,Honedge,135,139,128,steel|ghost,HONEDGE
hooh,250,Ho-Oh,239,244,214,fire|flying,
hoopa,720,Hoopa,261,187,173,psychic|ghost,
hoopaconfined,720,Hoopa (Confined),261,187,173,psychic|ghost,
hoopaunbound,720,Hoopa (Unbound),311,191,173,psychic|dark,
hoothoot,163,Hoothoot,67,88,155,normal|flying,HOOTHOOT
hoppip,187,Hoppip,67,94,111,grass|flying,HOPPIP
horsea,116,Horsea,129,103,102,water,HORSEA
houndoom,229,Houndoom,224,144,181,dark|fire,HOUNDOUR
houndoommega,229,Houndoom (Mega),289,194,181,dark|fire,HOUNDOUR
houndour,228,Houndour,152,83,128,dark|fire,HOUNDOUR
houndstone,972,Houndstone,186,195,176,ghost,GREAVARD
huntail,367,Huntail,197,179,146,water,CLAMPERL
hydrapple,1019,Hydrapple,216,186,235,grass|dragon,APPLIN
hydreigon,635,Hydreigon,256,188,211,dark|dragon,DEINO
hypno,97,Hypno,144,193,198,psychic,DROWZEE
igglybuff,174,Igglybuff,69,32,207,normal|fairy,JIGGLYPUFF
illumise,314,Illumise,143,166,163,bug,
impidimp,859,Impidimp,103,69,128,dark|fairy,IMPIDIMP
incineroar,727,Incineroar,214,175,216,fire|dark,LITTEN
indeedeefemale,876,Indeedee (Female),184,184,172,psychic|normal,
indeedeemale,876,Indeedee (Male),208,166,155,psychic|normal,
infernape,392,Infernape,222,151,183,fire|fighting,CHIMCHAR
inkay,686,Inkay,98,95,142,dark|psychic,INKAY
inteleon,818,Inteleon,262,142,172,water,SOBBLE
ironboulder,1022,Iron Boulder,227,195,189,rock|psychic,
ironbundle,991,Ironbundle,266,211,148,ice|water,
ironcrown,1023,Iron Crown,221,200,189,steel|psychic,
ironhands,992,Ironhands,245,177,319,fighting|electric,
ironjugulis,993,Ironjugulis,249,179,214,dark|flying,
ironleaves,1010,Iron Leaves,236,194,189,grass|psychic,
ironmoth,994,Ironmoth,281,196,190,fire|poison,
ironthorns,995,Ironthorns,250,200,225,rock|electric,
irontreads,990,Irontreads,227,216,207,ground|steel,
ironvaliant,1006,Ironvaliant,279,171,179,fairy|fighting,
ivysaur,2,Ivysaur,151,143,155,grass|poison,BULBASAUR
jangmoo,782,Jangmo-o,102,108,128,dragon,JANGMO_O
jellicent,593,Jellicent,159,178,225,water|ghost,FRILLISH
jigglypuff,39,Jigglypuff,80,41,251,normal|fairy,JIGGLYPUFF
jirachi,385,Jirachi,210,210,225,steel|psychic,
jolteon,135,Jolteon,232,182,163,electric,EEVEE
joltik,595,Joltik,110,98,137,bug|electric,JOLTIK
jumpluff,189,Jumpluff,118,183,181,grass|flying,HOPPIP
jynx,124,Jynx,223,151,163,ice|psychic,JYNX
kabuto,140,Kabuto,148,140,102,rock|water,KABUTO
kabutops,141,Kabutops,220,186,155,rock|water,KABUTO
kadabra,64,Kadabra,232,117,120,psychic,ABRA
kakuna,14,Kakuna,46,75,128,bug|poison,WEEDLE
kangaskhan,115,Kangaskhan,181,165,233,normal,
kangaskhanmega,115,Kangaskhan (Mega),246,210,233,normal,
karrablast,588,Karrablast,137,87,137,bug,KARRABLAST
kartana,798,Kartana,323,182,139,grass|steel,
kecleon,352,Kecleon,161,189,155,normal,
keldeoordinary,647,Keldeo (Ordinary),260,192,209,water|fighting,
keldeoresolute,647,Keldeo (Resolute),260,192,209,water|fighting,
kilowattrel,941,Kilowattrel,221,132,172,electric|flying,WATTREL
kingambit,983,Kingambit,238,203,225,dark|steel,PAWNIARD
kingdra,230,Kingdra,194,194,181,water|dragon,HORSEA
kingler,99,Kingler,240,181,146,water,KRABBY
kirlia,281,Kirlia,117,90,116,psychic|fairy,RALTS
klang,600,Klang,150,174,155,steel,KLINK
klawf,950,Klawf,184,185,172,rock,
kleavor,900,Kleavor,253,174,172,bug|rock,SCYTHER
klefki,707,Klefki,160,179,149,steel|fairy,
klink,599,Klink,98,121,120,steel,KLINK
klinklang,601,Klinklang,199,214,155,steel,KLINK
koffing,109,Koffing,119,141,120,poison,KOFFING
komala,775,Komala,216,165,163,normal,
kommoo,784,Kommo-o,222,240,181,dragon|fighting,JANGMO_O
koraidon,1007,Koraidon,263,223,205,fighting|dragon,
koraidonapex,1007,Koraidon_apex,263,223,205,fighting|dragon,
krabby,98,Krabby,181,124,102,water,KRABBY
kricketot,401,Kricketot,45,74,114,bug,KRICKETOT
kricketune,402,Kricketune,160,100,184,bug,KRICKETOT
krokorok,552,Krokorok,155,90,155,ground|dark,SANDILE
krookodile,553,Krookodile,229,158,216,ground|dark,SANDILE
kubfu,891,Kubfu,170,112,155,fighting,KUBFU
kyogre,382,Kyogre,270,228,205,water,
kyogreprimal,382,Kyogre (Primal),353,268,218,water,
kyurem,646,Kyurem,246,170,245,dragon|ice,
kyuremblack,646,Kyurem (Black),310,183,245,dragon|ice,
kyuremwhite,646,Kyurem (White),310,183,245,dragon|ice,
lairon,305,Lairon,158,198,155,steel|rock,ARON
lampent,608,Lampent,169,115,155,ghost|fire,LITWICK
landorusincarnate,645,Landorus (Incarnate),261,182,205,ground|flying,
landorustherian,645,Landorus (Therian),289,179,205,ground|flying,
lanturn,171,Lanturn,146,137,268,water|electric,CHINCHOU
lapras,131,Lapras,165,174,277,water|ice,
larvesta,636,Larvesta,156,107,146,bug|fire,LARVESTA
larvitar,246,Larvitar,115,93,137,rock|ground,LARVITAR
latias,380,Latias,228,246,190,dragon|psychic,
latiasmega,380,Latias (Mega),289,297,190,dragon|psychic,
latios,381,Latios,268,212,190,dragon|psychic,
latiosmega,381,Latios (Mega),335,241,190,dragon|psychic,
leafeon,470,Leafeon,216,219,163,grass,EEVEE
leavanny,542,Leavanny,205,165,181,bug|grass,SEWADDLE
lechonk,915,Lechonk,81,79,144,normal,LECHONK
ledian,166,Ledian,107,179,146,bug|flying,LEDYBA
ledyba,165,Ledyba,72,118,120,bug|flying,LEDYBA
lickilicky,463,Lickilicky,161,181,242,normal,LICKITUNG
lickitung,108,Lickitung,108,137,207,normal,LICKITUNG
liepard,510,Liepard,187,106,162,dark,PURRLOIN
lileep,345,Lileep,105,150,165,rock|grass,LILEEP
lilligant,549,Lilligant,214,155,172,grass,PETILIL
lilliganthisuian,549,Lilligant (Hisuian),208,159,172,grass|fighting,PETILIL
lillipup,506,Lillipup,107,86,128,normal,LILLIPUP
linoone,264,Linoone,142,128,186,normal,ZIGZAGOON
linoonegalarian,264,Linoone (Galarian),142,128,186,dark|normal,ZIGZAGOON
litleo,667,Litleo,139,112,158,fire|normal,LITLEO
litten,725,Litten,128,79,128,fire,LITTEN
litwick,607,Litwick,108,98,137,ghost|fire,LITWICK
lokix,920,Lokix,199,144,174,bug|dark,NYMBLE
lombre,271,Lombre,112,119,155,water|grass,LOTAD
lopunny,428,Lopunny,156,194,163,normal,BUNEARY
lopunnymega,428,Lopunny (Mega),282,214,163,normal|fighting,BUNEARY
lotad,270,Lotad,71,77,120,water|grass,LOTAD
loudred,294,Loudred,134,81,197,normal,WHISMUR
lucario,448,Lucario,236,144,172,fighting|steel,LUCARIO
lucariomega,448,Lucario (Mega),310,175,172,fighting|steel,LUCARIO
ludicolo,272,Ludicolo,173,176,190,water|grass,LOTAD
lugia,249,Lugia,193,310,235,psychic|flying,
lumineon,457,Lumineon,142,170,170,water,FINNEON
lunala,792,Lunala,255,191,264,psychic|ghost,COSMOG
lunatone,337,Lunatone,178,153,207,rock|psychic,
lurantis,754,Lurantis,192,169,172,grass,FOMANTIS
luvdisc,370,Luvdisc,81,128,125,water,
luxio,404,Luxio,159,95,155,electric,SHINX
luxray,405,Luxray,232,156,190,electric,SHINX
lycanrocdusk,745,Lycanroc (Dusk),234,139,181,rock,ROCKRUFF
lycanrocmidday,745,Lycanroc (Midday),231,140,181,rock,ROCKRUFF
lycanrocmidnight,745,Lycanroc (Midnight),218,152,198,rock,ROCKRUFF
mabosstiff,943,Mabosstiff,230,168,190,dark,MASCHIFF
machamp,68,Machamp,234,159,207,fighting,MACHOP
machoke,67,Machoke,177,125,190,fighting,MACHOP
machop,66,Machop,137,82,172,fighting,MACHOP
magby,240,Magby,151,99,128,fire,MAGMAR
magcargo,219,Magcargo,139,191,137,fire|rock,SLUGMA
magearna,801,Magearna,246,225,190,steel|fairy,
magikarp,129,Magikarp,29,85,85,water,MAGIKARP
magmar,126,Magmar,206,154,163,fire,MAGMAR
magmortar,467,Magmortar,247,172,181,fire,MAGMAR
magnemite,81,Magnemite,165,121,93,electric|steel,MAGNEMITE
magneton,82,Magneton,223,169,137,electric|steel,MAGNEMITE
magnezone,462,Magnezone,238,205,172,electric|steel,MAGNEMITE
makuhita,296,Makuhita,99,54,176,fighting,MAKUHITA
malamar,687,Malamar,177,165,200,dark|psychic,INKAY
malamarmega,687,Malamar (Mega),208,222,200,dark|psychic,INKAY
mamoswine,473,Mamoswine,247,146,242,ice|ground,SWINUB
manaphy,490,Manaphy,210,210,225,water,MANAPHY
mandibuzz,630,Mandibuzz,129,205,242,dark|flying,VULLABY
manectric,310,Manectric,215,127,172,electric,ELECTRIKE
manectricmega,310,Manectric (Mega),286,179,172,electric,ELECTRIKE
mankey,56,Mankey,148,82,120,fighting,MANKEY
mantine,226,Mantine,148,226,163,water|flying,MANTINE
mantyke,458,Mantyke,105,179,128,water|flying,MANTINE
maractus,556,Maractus,201,130,181,grass,
mareanie,747,Mareanie,98,110,137,poison|water,MAREANIE
mareep,179,Mareep,114,79,146,electric,MAREEP
marill,183,Marill,37,93,172,water|fairy,MARILL
marowak,105,Marowak,144,186,155,ground,CUBONE
marowakalolan,105,Marowak (Alolan),144,186,155,fire|ghost,CUBONE
marshadow,802,Marshadow,265,190,207,fighting|ghost,
marshtomp,259,Marshtomp,156,133,172,water|ground,MUDKIP
maschiff,942,Maschiff,140,108,155,dark,MASCHIFF
masquerain,284,Masquerain,192,150,172,bug|flying,SURSKIT
maushold,925,Maushold,159,157,179,normal,TANDEMAUS
mausholdfamilyoffour,925,Maushold_family_of_four,159,157,179,normal,TANDEMAUS
mausholdfamilyofthree,925,Maushold_family_of_three,159,157,179,normal,TANDEMAUS
mawile,303,Mawile,155,141,137,steel|fairy,
mawilemega,303,Mawile (Mega),188,217,137,steel|fairy,
medicham,308,Medicham,121,152,155,fighting|psychic,MEDITITE
medichammega,308,Medicham (Mega),205,179,155,fighting|psychic,
meditite,307,Meditite,78,107,102,fighting|psychic,MEDITITE
meganium,154,Meganium,168,202,190,grass,CHIKORITA
melmetal,809,Melmetal,226,190,264,steel,MELTAN
meloettaaria,648,Meloetta (Aria),250,225,225,normal|psychic,
meloettapirouette,648,Meloetta (Pirouette),269,188,225,normal|fighting,
meltan,808,Meltan,118,99,130,steel,MELTAN
meowscarada,908,Meowscarada,233,153,183,grass|dark,SPRIGATITO
meowsticfemale,678,Meowstic (Female),166,167,179,psychic,ESPURR
meowsticmale,678,Meowstic (Male),166,167,179,psychic,ESPURR
meowth,52,Meowth,92,78,120,normal,MEOWTH
meowthalolan,52,Meowth (Alolan),99,78,120,dark,MEOWTH
meowthgalarian,52,Meowth (Galarian),115,92,137,steel,MEOWTH
mesprit,481,Mesprit,212,212,190,psychic,
metagross,376,Metagross,257,228,190,steel|psychic,BELDUM
metagrossmega,376,Metagross (Mega),300,289,190,steel|psychic,BELDUM
metang,375,Metang,138,176,155,steel|psychic,BELDUM
metapod,11,Metapod,45,80,137,bug,CATERPIE
mew,151,Mew,210,210,225,psychic,
mewtwo,150,Mewtwo,300,182,214,psychic,
mewtwoarmored,150,Mewtwo (Armored),182,278,214,psychic,
mewtwomegax,150,Mewtwo (Mega X),399,215,228,psychic|fighting,
mewtwomegay,150,Mewtwo (Mega Y),413,223,228,psychic,
mienfoo,619,Mienfoo,160,98,128,fighting,MIENFOO
mienshao,620,Mienshao,258,127,163,fighting,MIENFOO
mightyena,262,Mightyena,171,132,172,dark,POOCHYENA
milcery,868,Milcery,90,97,128,fairy,MILCERY
milotic,350,Milotic,192,219,216,water,FEEBAS
miltank,241,Miltank,157,193,216,normal,
mimejr,439,Mime (Jr),125,142,85,psychic|fairy,MR_MIME
mimikyu,778,Mimikyu,177,199,146,ghost|fairy,
mimikyubusted,778,Mimikyu (Busted),177,199,146,ghost|fairy,
minccino,572,Minccino,98,80,146,normal,MINCCINO
miniorcore,774,Minior (Core),218,131,155,rock|flying,
miniormeteor,774,Minior (Meteor),116,194,155,rock|flying,
minun,312,Minun,147,150,155,electric,
miraidon,1008,Miraidon,263,223,205,electric|dragon,
miraidonultimate,1008,Miraidon_ultimate,263,223,205,electric|dragon,
misdreavus,200,Misdreavus,167,154,155,ghost,MISDREAVUS
mismagius,429,Mismagius,211,187,155,ghost,MISDREAVUS
moltres,146,Moltres,251,181,207,fire|flying,
moltresgalarian,146,Moltres (Galarian),202,231,207,dark|flying,
monferno,391,Monferno,158,105,162,fire|fighting,CHIMCHAR
morelull,755,Morelull,108,119,120,grass|fairy,MORELULL
morgrem,860,Morgrem,145,102,163,dark|fairy,IMPIDIMP
morpekofullbelly,877,Morpeko (Full Belly),192,121,151,electric|dark,
morpekohangry,877,Morpeko (Hangry),192,121,151,electric|dark,
mothim,414,Mothim,185,98,172,bug|flying,BURMY
mrmime,122,Mr. Mime,192,205,120,psychic|fairy,MR_MIME
mrmimegalarian,122,Mr. Mime (Galarian),183,169,137,ice|psychic,MR_MIME
mrrime,866,Mr. Rime,212,179,190,ice|psychic,MR_MIME
mudbray,749,Mudbray,175,121,172,ground,MUDBRAY
mudkip,258,Mudkip,126,93,137,water,MUDKIP
mudsdale,750,Mudsdale,214,174,225,ground,MUDBRAY
muk,89,Muk,190,172,233,poison,GRIMER
mukalolan,89,Muk (Alolan),190,172,233,poison|dark,GRIMER
munchlax,446,Munchlax,137,117,286,normal,SNORLAX
munkidori,1015,Munkidori,238,157,186,poison|psychic,
munna,517,Munna,111,92,183,psychic,MUNNA
murkrow,198,Murkrow,175,87,155,dark|flying,MURKROW
musharna,518,Musharna,183,166,253,psychic,MUNNA
nacli,932,Nacli,95,108,146,rock,NACLI
naclstack,933,Naclstack,105,160,155,rock,NACLI
naganadel,804,Naganadel,263,159,177,poison|dragon,POIPOLE
natu,177,Natu,134,89,120,psychic|flying,NATU
necrozma,800,Necrozma,251,195,219,psychic,
necrozmadawnwings,800,Necrozma (Dawn Wings),277,220,200,psychic|ghost,
necrozmaduskmane,800,Necrozma (Dusk Mane),277,220,200,psychic|steel,
necrozmaultra,800,Necrozma (Ultra),337,196,200,psychic|dragon,
nickit,827,Nickit,85,82,120,dark,NICKIT
nidoking,34,Nidoking,204,156,191,poison|ground,NIDORAN_MALE
nidoqueen,31,Nidoqueen,180,173,207,poison|ground,NIDORAN_FEMALE
nidoranfemale,29,Nidoran Female,86,89,146,poison,NIDORAN_FEMALE
nidoranmale,32,Nidoran Male,105,76,130,poison,NIDORAN_MALE
nidorina,30,Nidorina,117,120,172,poison,NIDORAN_FEMALE
nidorino,33,Nidorino,137,111,156,poison,NIDORAN_MALE
nihilego,793,Nihilego,249,210,240,rock|poison,
nincada,290,Nincada,80,126,104,bug|ground,NINCADA
ninetales,38,Ninetales,169,190,177,fire,VULPIX
ninetalesalolan,38,Ninetales (Alolan),170,193,177,ice|fairy,VULPIX
ninjask,291,Ninjask,199,112,156,bug|flying,NINCADA
noctowl,164,Noctowl,145,156,225,normal|flying,HOOTHOOT
noibat,714,Noibat,83,73,120,flying|dragon,NOIBAT
noivern,715,Noivern,205,175,198,flying|dragon,NOIBAT
nosepass,299,Nosepass,82,215,102,rock,NOSEPASS
numel,322,Numel,119,79,155,fire|ground,NUMEL
nuzleaf,274,Nuzleaf,134,78,172,grass|dark,SEEDOT
nymble,919,Nymble,81,65,107,bug,NYMBLE
obstagoon,862,Obstagoon,180,194,212,dark|normal,ZIGZAGOON
octillery,224,Octillery,197,141,181,water,REMORAID
oddish,43,Oddish,131,112,128,grass|poison,ODDISH
ogerpon,1017,Ogerpon,219,178,173,grass,
oinkologne,916,Oinkologne,186,153,242,normal,LECHONK
oinkolognefemale,916,Oinkologne (Female),169,162,251,normal,LECHONK
okidogi,1014,Okidogi,220,191,186,poison|fighting,
omanyte,138,Omanyte,155,153,111,rock|water,OMANYTE
omastar,139,Omastar,207,201,172,rock|water,OMANYTE
onix,95,Onix,85,232,111,rock|ground,ONIX
oranguru,765,Oranguru,168,192,207,normal|psychic,
orbeetle,826,Orbeetle,156,240,155,bug|psychic,BLIPBUG
oricoriobaile,741,Oricorio (Baile),196,145,181,fire|flying,
oricoriopau,741,Oricorio (Pa'u),196,145,181,psychic|flying,
oricoriopompom,741,Oricorio (Pom-Pom),196,145,181,electric|flying,
oricoriosensu,741,Oricorio (Sensu),196,145,181,ghost|flying,
orthworm,968,Orthworm,161,219,172,steel,
oshawott,501,Oshawott,117,85,146,water,OSHAWOTT
overqwil,904,Overqwil,222,171,198,dark|poison,QWILFISH
pachirisu,417,Pachirisu,94,172,155,electric,
palafin,964,Palafin,143,144,225,water,FINIZEN
palafinhero,964,Palafin_hero,322,196,225,water,FINIZEN
palafinzero,964,Palafin_zero,143,144,225,water,FINIZEN
palkia,484,Palkia,280,215,189,water|dragon,
palkiaorigin,484,Palkia (Origin),286,223,189,water|dragon,
palossand,770,Palossand,178,178,198,ghost|ground,SANDYGAST
palpitoad,536,Palpitoad,128,109,181,water|ground,TYMPOLE
pancham,674,Pancham,145,107,167,fighting,PANCHAM
pangoro,675,Pangoro,226,146,216,fighting|dark,PANCHAM
panpour,515,Panpour,104,94,137,water,PANPOUR
pansage,511,Pansage,104,94,137,grass,PANSAGE
pansear,513,Pansear,104,94,137,fire,PANSEAR
paras,46,Paras,121,99,111,bug|grass,PARAS
parasect,47,Parasect,165,146,155,bug|grass,PARAS
passimian,766,Passimian,222,160,225,fighting,
patrat,504,Patrat,98,73,128,normal,PATRAT
pawmi,921,Pawmi,95,45,128,electric,PAWMI
pawmo,922,Pawmo,147,82,155,electric|fighting,PAWMI
pawmot,923,Pawmot,232,141,172,electric|fighting,PAWMI
pawniard,624,Pawniard,154,114,128,dark|steel,PAWNIARD
pecharunt,1025,Pecharunt,164,248,186,poison|ghost,
pelipper,279,Pelipper,175,174,155,water|flying,WINGULL
perrserker,863,Perrserker,195,162,172,steel,MEOWTH
persian,53,Persian,150,136,163,normal,MEOWTH
persianalolan,53,Persian (Alolan),158,136,163,dark,MEOWTH
petilil,548,Petilil,119,91,128,grass,PETILIL
phanpy,231,Phanpy,107,98,207,ground,PHANPY
phantump,708,Phantump,125,103,125,ghost|grass,PHANTUMP
pheromosa,795,Pheromosa,316,85,174,bug|fighting,
phione,489,Phione,162,162,190,water,
pichu,172,Pichu,77,53,85,electric,PIKACHU
pidgeot,18,Pidgeot,166,154,195,normal|flying,PIDGEY
pidgeotmega,18,Pidgeot (Mega),280,175,195,normal|flying,PIDGEY
pidgeotto,17,Pidgeotto,117,105,160,normal|flying,PIDGEY
pidgey,16,Pidgey,85,73,120,normal|flying,PIDGEY
pidove,519,Pidove,98,80,137,normal|flying,PIDOVE
pignite,499,Pignite,173,106,207,fire|fighting,TEPIG
pikachu,25,Pikachu,112,96,111,electric,PIKACHU
pikachu5thanniversary,25,Pikachu (5th Anniversary),112,96,111,electric,
pikachuflying,25,Pikachu (Flying),112,96,111,electric,
pikachuhorizons,25,Pikachu (Horizons),112,96,111,electric,PIKACHU
pikachukariyushi,25,Pikachu (Kariyushi),112,96,111,electric,PIKACHU
pikachulibre,25,Pikachu (Libre),112,96,111,electric,
pikachupopstar,25,Pikachu (Pop Star),112,96,111,electric,PIKACHU
pikachurockstar,25,Pikachu (Rock Star),112,96,111,electric,PIKACHU
pikachushayminscarf,25,Pikachu (Shaymin Scarf),112,96,111,electric,PIKACHU
pikipek,731,Pikipek,136,59,111,normal|flying,PIKIPEK
piloswine,221,Piloswine,181,138,225,ice|ground,SWINUB
pincurchin,871,Pincurchin,176,161,134,electric,
pineco,204,Pineco,108,122,137,bug,PINECO
pinsir,127,Pinsir,238,182,163,bug,
pinsirmega,127,Pinsir (Mega),305,231,163,bug|flying,
piplup,393,Piplup,112,102,142,water,PIPLUP
plusle,311,Plusle,167,129,155,electric,
poipole,803,Poipole,145,133,167,poison,POIPOLE
politoed,186,Politoed,174,179,207,water,POLIWAG
poliwag,60,Poliwag,101,82,120,water,POLIWAG
poliwhirl,61,Poliwhirl,130,123,163,water,POLIWAG
poliwrath,62,Poliwrath,182,184,207,water|fighting,POLIWAG
poltchageist,1012,Poltchageist,134,96,120,grass|ghost,SINISTCHA
polteageist,855,Polteageist,248,189,155,ghost,SINISTEA
ponyta,77,Ponyta,170,127,137,fire,PONYTA
ponytagalarian,77,Ponyta (Galarian),170,127,137,psychic,PONYTA
poochyena,261,Poochyena,96,61,111,dark,POOCHYENA
popplio,728,Popplio,120,103,137,water,POPPLIO
porygon,137,Porygon,153,136,163,normal,PORYGON
porygon2,233,Porygon2,198,180,198,normal,PORYGON
porygonz,474,Porygon-Z,264,150,198,normal,PORYGON
primarina,730,Primarina,232,195,190,water|fairy,POPPLIO
primeape,57,Primeape,207,138,163,fighting,MANKEY
prinplup,394,Prinplup,150,139,162,water,PIPLUP
probopass,476,Probopass,135,275,155,rock|steel,NOSEPASS
psyduck,54,Psyduck,122,95,137,water,PSYDUCK
pumpkabooaverage,710,Pumpkaboo (Average),121,123,135,ghost|grass,PUMPKABOO
pumpkaboolarge,710,Pumpkaboo (Large),120,122,144,ghost|grass,PUMPKABOO
pumpkaboosmall,710,Pumpkaboo (Small),122,124,127,ghost|grass,PUMPKABOO
pumpkaboosuper,710,Pumpkaboo (Super),118,120,153,ghost|grass,PUMPKABOO
pupitar,247,Pupitar,155,133,172,rock|ground,LARVITAR
purrloin,509,Purrloin,98,73,121,dark,PURRLOIN
purugly,432,Purugly,172,133,174,normal,GLAMEOW
pyroar,668,Pyroar,221,149,200,fire|normal,LITLEO
pyukumuku,771,Pyukumuku,97,224,146,water,
quagsire,195,Quagsire,152,143,216,water|ground,WOOPER
quaquaval,914,Quaquaval,236,159,198,water|fighting,QUAXLY
quaxly,912,Quaxly,120,86,146,water,QUAXLY
quaxwell,913,Quaxwell,162,123,172,water,QUAXLY
quilava,156,Quilava,158,126,151,fire,CYNDAQUIL
quilladin,651,Quilladin,146,156,156,grass,CHESPIN
qwilfish,211,Qwilfish,184,138,163,water|poison,
qwilfishhisuian,211,Qwilfish (Hisuian),184,151,163,dark|poison,QWILFISH
raboot,814,Raboot,170,125,163,fire,SCORBUNNY
rabsca,954,Rabsca,201,178,181,bug|psychic,RELLOR
ragingbolt,1021,Raging Bolt,235,165,245,electric|dragon,
raichu,26,Raichu,193,151,155,electric,PIKACHU
raichualolan,26,Raichu (Alolan),201,154,155,electric|psychic,PIKACHU
raichumegax,26,Raichu (Mega X),277,203,155,electric,PIKACHU
raichumegay,26,Raichu (Mega Y),339,157,155,electric,PIKACHU
raikou,243,Raikou,241,195,207,electric,
ralts,280,Ralts,79,59,99,psychic|fairy,RALTS
rampardos,409,Rampardos,295,109,219,rock,CRANIDOS
rapidash,78,Rapidash,207,162,163,fire,PONYTA
rapidashgalarian,78,Rapidash (Galarian),207,162,163,psychic|fairy,PONYTA
raticate,20,Raticate,161,139,146,normal,RATTATA
raticatealolan,20,Raticate (Alolan),135,154,181,dark|normal,RATTATA
rattata,19,Rattata,103,70,102,normal,RATTATA
rattataalolan,19,Rattata (Alolan),103,70,102,dark|normal,RATTATA
rayquaza,384,Rayquaza,284,170,213,dragon|flying,
rayquazamega,384,Rayquaza (Mega),377,210,227,dragon|flying,
regice,378,Regice,179,309,190,ice,
regidrago,895,Regidrago,202,101,400,dragon,
regieleki,894,Regieleki,250,125,190,electric,
regigigas,486,Regigigas,287,210,221,normal,
regirock,377,Regirock,179,309,190,rock,
registeel,379,Registeel,143,285,190,steel,
relicanth,369,Relicanth,162,203,225,water|rock,
rellor,953,Rellor,86,108,121,bug,RELLOR
remoraid,223,Remoraid,127,69,111,water,REMORAID
reshiram,643,Reshiram,275,211,205,dragon|fire,
reuniclus,579,Reuniclus,214,148,242,psychic,SOLOSIS
revavroom,966,Revavroom,229,168,190,steel|poison,VAROOM
rhydon,112,Rhydon,222,171,233,ground|rock,RHYHORN
rhyhorn,111,Rhyhorn,140,127,190,ground|rock,RHYHORN
rhyperior,464,Rhyperior,241,190,251,ground|rock,RHYHORN
ribombee,743,Ribombee,198,146,155,bug|fairy,CUTIEFLY
rillaboom,812,Rillaboom,239,168,225,grass,GROOKEY
riolu,447,Riolu,127,78,120,fighting,LUCARIO
roaringmoon,1005,Roaringmoon,280,196,233,dragon|dark,
rockruff,744,Rockruff,117,78,128,rock,ROCKRUFF
roggenrola,524,Roggenrola,121,110,146,rock,ROGGENROLA
rolycoly,837,Rolycoly,73,91,102,rock,ROLYCOLY
rookidee,821,Rookidee,88,67,116,flying,ROOKIDEE
roselia,315,Roselia,186,131,137,grass|poison,ROSELIA
roserade,407,Roserade,243,185,155,grass|poison,ROSELIA
rotom,479,Rotom,185,159,137,electric|ghost,
rotomfan,479,Rotom (Fan),204,219,137,electric|flying,
rotomfrost,479,Rotom (Frost),204,219,137,electric|ice,
rotomheat,479,Rotom (Heat),204,219,137,electric|fire,
rotommow,479,Rotom (Mow),204,219,137,electric|grass,
rotomwash,479,Rotom (Wash),204,219,137,electric|water,
rowlet,722,Rowlet,102,99,169,grass|flying,ROWLET
rufflet,627,Rufflet,150,97,172,normal|flying,RUFFLET
runerigus,867,Runerigus,163,237,151,ground|ghost,YAMASK
sableye,302,Sableye,141,136,137,dark|ghost,
sableyemega,302,Sableye (Mega),151,216,137,dark|ghost,
salamence,373,Salamence,277,168,216,dragon|flying,BAGON
salamencemega,373,Salamence (Mega),310,251,216,dragon|flying,
salandit,757,Salandit,136,80,134,poison|fire,SALANDIT
salazzle,758,Salazzle,228,130,169,poison|fire,SALANDIT
samurott,503,Samurott,212,157,216,water,OSHAWOTT
samurotthisuian,503,Samurott (Hisuian),218,152,207,water|dark,OSHAWOTT
sandaconda,844,Sandaconda,202,207,176,ground,SILICOBRA
sandile,551,Sandile,132,69,137,ground|dark,SANDILE
sandshrew,27,Sandshrew,126,120,137,ground,SANDSHREW
sandshrewalolan,27,Sandshrew (Alolan),125,129,137,ice|steel,SANDSHREW
sandslash,28,Sandslash,182,175,181,ground,SANDSHREW
sandslashalolan,28,Sandslash (Alolan),177,195,181,ice|steel,SANDSHREW
sandygast,769,Sandygast,120,118,146,ghost|ground,SANDYGAST
sandyshocks,989,Sandyshocks,244,195,198,electric|ground,
sawk,539,Sawk,231,153,181,fighting,
sawsbuck,586,Sawsbuck,198,146,190,normal|grass,DEERLING
scatterbug,664,Scatterbug,63,63,116,bug,SCATTERBUG
sceptile,254,Sceptile,223,169,172,grass,TREECKO
sceptilemega,254,Sceptile (Mega),320,186,172,grass|dragon,
scizor,212,Scizor,236,181,172,bug|steel,SCYTHER
scizormega,212,Scizor (Mega),279,250,172,bug|steel,SCYTHER
scolipede,545,Scolipede,203,175,155,bug|poison,VENIPEDE
scorbunny,813,Scorbunny,132,79,137,fire,SCORBUNNY
scovillain,952,Scovillain,216,130,163,grass|fire,CAPSAKID
scrafty,560,Scrafty,163,222,163,dark|fighting,SCRAGGY
scraggy,559,Scraggy,132,132,137,dark|fighting,SCRAGGY
screamtail,985,Screamtail,139,234,251,fairy|psychic,
scyther,123,Scyther,218,170,172,bug|flying,SCYTHER
seadra,117,Seadra,187,156,146,water,HORSEA
seaking,119,Seaking,175,147,190,water,GOLDEEN
sealeo,364,Sealeo,137,132,207,ice|water,SPHEAL
seedot,273,Seedot,71,77,120,grass,SEEDOT
seel,86,Seel,85,121,163,water,SEEL
seismitoad,537,Seismitoad,188,150,233,water|ground,TYMPOLE
sentret,161,Sentret,79,73,111,normal,SENTRET
serperior,497,Serperior,161,204,181,grass,SNIVY
servine,496,Servine,122,152,155,grass,SNIVY
seviper,336,Seviper,196,118,177,poison,
sewaddle,540,Sewaddle,96,124,128,bug|grass,SEWADDLE
sharpedo,319,Sharpedo,243,83,172,water|dark,CARVANHA
sharpedomega,319,Sharpedo (Mega),289,144,172,water|dark,CARVANHA
shayminland,492,Shaymin (Land),210,210,225,grass,
shayminsky,492,Shaymin (Sky),261,166,225,grass|flying,
shedinja,292,Shedinja,153,73,1,bug|ghost,NINCADA
shelgon,372,Shelgon,172,155,163,dragon,BAGON
shellder,90,Shellder,116,134,102,water,SHELLDER
shellos,422,Shellos,103,105,183,water,SHELLOS
shelmet,616,Shelmet,72,140,137,bug,SHELMET
shieldon,410,Shieldon,76,195,102,rock|steel,SHIELDON
shiftry,275,Shiftry,200,121,207,grass|dark,SEEDOT
shiinotic,756,Shiinotic,154,168,155,grass|fairy,MORELULL
shinx,403,Shinx,117,64,128,electric,SHINX
shroodle,944,Shroodle,124,70,120,poison|normal,SHROODLE
shroomish,285,Shroomish,74,110,155,grass,SHROOMISH
shuckle,213,Shuckle,17,396,85,bug|rock,
shuppet,353,Shuppet,138,65,127,ghost,SHUPPET
sigilyph,561,Sigilyph,204,167,176,psychic|flying,
silcoon,266,Silcoon,60,77,137,bug,WURMPLE
silicobra,843,Silicobra,103,123,141,ground,SILICOBRA
silvally,773,Silvally,198,198,216,normal,
silvallybug,773,Silvally (Bug),198,198,216,bug,
silvallydark,773,Silvally (Dark),198,198,216,dark,
silvallydragon,773,Silvally (Dragon),198,198,216,dragon,
silvallyelectric,773,Silvally (Electric),198,198,216,electric,
silvallyfairy,773,Silvally (Fairy),198,198,216,fairy,
silvallyfighting,773,Silvally (Fighting),198,198,216,fighting,
silvallyfire,773,Silvally (Fire),198,198,216,fire,
silvallyflying,773,Silvally (Flying),198,198,216,flying,
silvallyghost,773,Silvally (Ghost),198,198,216,ghost,
silvallygrass,773,Silvally (Grass),198,198,216,grass,
silvallyground,773,Silvally (Ground),198,198,216,ground,
silvallyice,773,Silvally (Ice),198,198,216,ice,
silvallypoison,773,Silvally (Poison),198,198,216,poison,
silvallypsychic,773,Silvally (Psychic),198,198,216,psychic,
silvallyrock,773,Silvally (Rock),198,198,216,rock,
silvallysteel,773,Silvally (Steel),198,198,216,steel,
silvallywater,773,Silvally (Water),198,198,216,water,
simipour,516,Simipour,206,133,181,water,PANPOUR
simisage,512,Simisage,206,133,181,grass,PANSAGE
simisear,514,Simisear,206,133,181,fire,PANSEAR
sinistcha,1013,Sinistcha,225,191,174,grass|ghost,SINISTCHA
sinistea,854,Sinistea,134,96,120,ghost,SINISTEA
sirfetchd,865,Sirfetch'd,248,176,158,fighting,FARFETCHD
sizzlipede,850,Sizzlipede,118,90,137,fire|bug,SIZZLIPEDE
skarmory,227,Skarmory,148,226,163,steel|flying,
skarmorymega,227,Skarmory (Mega),273,228,163,steel|flying,
skeledirge,911,Skeledirge,207,178,232,fire|ghost,FUECOCO
skiddo,672,Skiddo,123,102,165,grass,SKIDDO
skiploom,188,Skiploom,91,120,146,grass|flying,HOPPIP
skitty,300,Skitty,84,79,137,normal,SKITTY
skorupi,451,Skorupi,93,151,120,poison|bug,SKORUPI
skrelp,690,Skrelp,109,109,137,poison|water,SKRELP
skuntank,435,Skuntank,184,132,230,poison|dark,STUNKY
skwovet,819,Skwovet,95,86,172,normal,SKWOVET
slaking,289,Slaking,290,166,284,normal,SLAKOTH
slakoth,287,Slakoth,104,92,155,normal,SLAKOTH
sliggoo,705,Sliggoo,159,176,169,dragon,GOOMY
slitherwing,988,Slitherwing,261,193,198,bug|fighting,
slowbro,80,Slowbro,177,180,216,water|psychic,SLOWPOKE
slowbrogalarian,80,Slowbro (Galarian),182,156,216,poison|psychic,SLOWPOKE
slowbromega,80,Slowbro (Mega),224,259,216,water|psychic,SLOWPOKE
slowking,199,Slowking,177,180,216,water|psychic,SLOWPOKE
slowkinggalarian,199,Slowking (Galarian),190,180,216,poison|psychic,SLOWPOKE
slowpoke,79,Slowpoke,109,98,207,water|psychic,SLOWPOKE
slowpokegalarian,79,Slowpoke (Galarian),109,98,207,psychic,SLOWPOKE
slugma,218,Slugma,118,71,120,fire,SLUGMA
slurpuff,685,Slurpuff,168,163,193,fairy,SWIRLIX
smeargle,235,Smeargle,40,83,146,normal,
smoliv,928,Smoliv,100,89,121,grass|normal,SMOLIV
smoochum,238,Smoochum,153,91,128,ice|psychic,JYNX
sneasel,215,Sneasel,189,146,146,dark|ice,SNEASEL
sneaselhisuian,215,Sneasel (Hisuian),189,146,146,fighting|poison,SNEASEL
sneasler,903,Sneasler,259,158,190,fighting|poison,SNEASEL
snivy,495,Snivy,88,107,128,grass,SNIVY
snom,872,Snom,76,59,102,ice|bug,SNOM
snorlax,143,Snorlax,190,169,330,normal,SNORLAX
snorunt,361,Snorunt,95,95,137,ice,SNORUNT
snover,459,Snover,115,105,155,grass|ice,SNOVER
snubbull,209,Snubbull,137,85,155,fairy,SNUBBULL
sobble,816,Sobble,132,79,137,water,SOBBLE
solgaleo,791,Solgaleo,255,191,264,psychic|steel,COSMOG
solosis,577,Solosis,170,83,128,psychic,SOLOSIS
solrock,338,Solrock,178,153,207,rock|psychic,
spearow,21,Spearow,112,60,120,normal|flying,SPEAROW
spectrier,897,Spectrier,273,146,205,ghost,
spewpa,665,Spewpa,48,89,128,bug,SCATTERBUG
spheal,363,Spheal,95,90,172,ice|water,SPHEAL
spidops,918,Spidops,139,166,155,bug,TAROUNTULA
spinarak,167,Spinarak,105,73,120,bug|poison,SPINARAK
spinda,327,Spinda,116,116,155,normal,
spiritomb,442,Spiritomb,169,199,137,ghost|dark,
spoink,325,Spoink,125,122,155,psychic,SPOINK
sprigatito,906,Sprigatito,116,99,120,grass,SPRIGATITO
spritzee,682,Spritzee,110,113,186,fairy,SPRITZEE
squawkabilly,931,Squawkabilly,185,105,193,normal|flying,
squirtle,7,Squirtle,94,121,127,water,SQUIRTLE
stakataka,805,Stakataka,213,298,156,rock|steel,
stantler,234,Stantler,192,131,177,normal,STANTLER
staraptor,398,Staraptor,234,140,198,normal|flying,STARLY
staravia,397,Staravia,142,94,146,normal|flying,STARLY
starly,396,Starly,101,58,120,normal|flying,STARLY
starmie,121,Starmie,210,184,155,water|psychic,STARYU
staryu,120,Staryu,137,112,102,water,STARYU
steelix,208,Steelix,148,272,181,steel|ground,ONIX
steelixmega,208,Steelix (Mega),212,327,181,steel|ground,ONIX
steenee,762,Steenee,78,94,141,grass,BOUNSWEET
stonjourner,874,Stonjourner,222,182,225,rock,
stoutland,508,Stoutland,206,182,198,normal,LILLIPUP
stufful,759,Stufful,136,95,172,normal|fighting,STUFFUL
stunfisk,618,Stunfisk,144,171,240,ground|electric,
stunfiskgalarian,618,Stunfisk (Galarian),144,171,240,ground|steel,
stunky,434,Stunky,121,90,160,poison|dark,STUNKY
sudowoodo,185,Sudowoodo,167,176,172,rock,SUDOWOODO
suicune,245,Suicune,180,235,225,water,
sunflora,192,Sunflora,185,135,181,grass,SUNKERN
sunkern,191,Sunkern,55,55,102,grass,SUNKERN
surskit,283,Surskit,93,87,120,bug|water,SURSKIT
swablu,333,Swablu,76,132,128,normal|flying,SWABLU
swadloon,541,Swadloon,115,162,146,bug|grass,SEWADDLE
swalot,317,Swalot,140,159,225,poison,GULPIN
swampert,260,Swampert,208,175,225,water|ground,MUDKIP
swampertmega,260,Swampert (Mega),283,218,225,water|ground,
swanna,581,Swanna,182,132,181,water|flying,DUCKLETT
swellow,277,Swellow,185,124,155,normal|flying,TAILLOW
swinub,220,Swinub,90,69,137,ice|ground,SWINUB
swirlix,684,Swirlix,109,119,158,fairy,SWIRLIX
swoobat,528,Swoobat,161,119,167,psychic|flying,WOOBAT
sylveon,700,Sylveon,203,205,216,fairy,EEVEE
tadbulb,938,Tadbulb,104,73,156,electric,TADBULB
taillow,276,Taillow,106,61,120,normal|flying,TAILLOW
talonflame,663,Talonflame,176,155,186,fire|flying,FLETCHLING
tandemaus,924,Tandemaus,98,90,137,normal,TANDEMAUS
tangela,114,Tangela,183,169,163,grass,TANGELA
tangrowth,465,Tangrowth,207,184,225,grass,TANGELA
tapubulu,787,Tapu Bulu,249,215,172,grass|fairy,
tapufini,788,Tapu Fini,189,254,172,water|fairy,
tapukoko,785,Tapu Koko,250,181,172,electric|fairy,
tapulele,786,Tapu Lele,259,208,172,psychic|fairy,
tarountula,917,Tarountula,70,77,111,bug,TAROUNTULA
tatsugiricurly,978,Tatsugiri (Curly),226,166,169,dragon|water,
tatsugiridroopy,978,Tatsugiri (Droopy),226,166,169,dragon|water,
tatsugiristretchy,978,Tatsugiri (Stretchy),226,166,169,dragon|water,
tauros,128,Tauros,198,183,181,normal,
taurosaqua,128,Tauros (Aqua),210,193,181,fighting|water,
taurosblaze,128,Tauros (Blaze),210,193,181,fighting|fire,
tauroscombat,128,Tauros (Combat),210,193,181,fighting,
teddiursa,216,Teddiursa,142,93,155,normal,TEDDIURSA
tentacool,72,Tentacool,97,149,120,water|poison,TENTACOOL
tentacruel,73,Tentacruel,166,209,190,water|poison,TENTACOOL
tepig,498,Tepig,115,85,163,fire,TEPIG
terapagos,1024,Terapagos,126,165,207,normal,
terrakion,639,Terrakion,260,192,209,rock|fighting,
thievul,828,Thievul,172,164,172,dark,NICKIT
throh,538,Throh,172,160,260,fighting,
thundurusincarnate,642,Thundurus (Incarnate),266,164,188,electric|flying,
thundurustherian,642,Thundurus (Therian),295,161,188,electric|flying,
thwackey,811,Thwackey,165,134,172,grass,GROOKEY
timburr,532,Timburr,134,87,181,fighting,TIMBURR
tinglu,1003,Ting-Lu,194,203,321,dark|ground,
tinkatink,957,Tinkatink,85,110,137,fairy|steel,TINKATINK
tinkaton,959,Tinkaton,155,196,198,fairy|steel,TINKATINK
tinkatuff,958,Tinkatuff,109,145,163,fairy|steel,TINKATINK
tirtouga,564,Tirtouga,134,146,144,water|rock,TIRTOUGA
toedscool,948,Toedscool,97,149,120,ground|grass,TOEDSCOOL
toedscruel,949,Toedscruel,166,209,190,ground|grass,TOEDSCOOL
togedemaru,777,Togedemaru,190,145,163,electric|steel,
togekiss,468,Togekiss,225,217,198,fairy|flying,TOGEPI
togepi,175,Togepi,67,116,111,fairy,TOGEPI
togetic,176,Togetic,139,181,146,fairy|flying,TOGEPI
torchic,255,Torchic,130,87,128,fire,TORCHIC
torkoal,324,Torkoal,151,203,172,fire,
tornadusincarnate,641,Tornadus (Incarnate),266,164,188,flying,
tornadustherian,641,Tornadus (Therian),238,189,188,flying,
torracat,726,Torracat,174,103,163,fire,LITTEN
torterra,389,Torterra,202,188,216,grass|ground,TURTWIG
totodile,158,Totodile,117,109,137,water,TOTODILE
toucannon,733,Toucannon,222,146,190,normal|flying,PIKIPEK
toxapex,748,Toxapex,114,273,137,poison|water,MAREANIE
toxel,848,Toxel,97,65,120,electric|poison,TOXEL
toxicroak,454,Toxicroak,211,133,195,poison|fighting,CROAGUNK
toxtricity,849,Toxtricity,224,140,181,electric|poison,TOXEL
toxtricityamped,849,Toxtricity (Amped),224,140,181,electric|poison,TOXEL
toxtricitylowkey,849,Toxtricity (Low Key),224,140,181,electric|poison,TOXEL
tranquill,520,Tranquill,144,107,158,normal|flying,PIDOVE
trapinch,328,Trapinch,162,78,128,ground,TRAPINCH
treecko,252,Treecko,124,94,120,grass,TREECKO
trevenant,709,Trevenant,201,154,198,ghost|grass,PHANTUMP
tropius,357,Tropius,136,163,223,grass|flying,
trubbish,568,Trubbish,96,122,137,poison,TRUBBISH
trumbeak,732,Trumbeak,159,100,146,normal|flying,PIKIPEK
tsareena,763,Tsareena,222,195,176,grass,BOUNSWEET
turtonator,776,Turtonator,165,215,155,fire|dragon,
turtwig,387,Turtwig,119,110,146,grass,TURTWIG
tympole,535,Tympole,98,78,137,water,TYMPOLE
tynamo,602,Tynamo,105,78,111,electric,TYNAMO
typenull,772,Type (Null),184,184,216,normal,TYPE_NULL
typhlosion,157,Typhlosion,223,173,186,fire,CYNDAQUIL
typhlosionhisuian,157,Typhlosion (Hisuian),238,172,177,fire|ghost,CYNDAQUIL
tyranitar,248,Tyranitar,251,207,225,rock|dark,LARVITAR
tyranitarmega,248,Tyranitar (Mega),309,276,225,rock|dark,
tyrantrum,697,Tyrantrum,227,191,193,rock|dragon,TYRUNT
tyrogue,236,Tyrogue,64,64,111,fighting,TYROGUE
tyrunt,696,Tyrunt,158,123,151,rock|dragon,TYRUNT
umbreon,197,Umbreon,126,240,216,dark,EEVEE
unfezant,521,Unfezant,226,146,190,normal|flying,PIDOVE
unown,201,Unown,136,91,134,psychic,
ursaluna,901,Ursaluna,243,181,277,ground|normal,TEDDIURSA
ursaring,217,Ursaring,236,144,207,normal,TEDDIURSA
urshifurapidstrike,892,Urshifu (Rapid Strike),254,177,225,fighting|water,KUBFU
urshifusinglestrike,892,Urshifu (Single Strike),254,177,225,fighting|dark,KUBFU
uxie,480,Uxie,156,270,181,psychic,
vanillish,583,Vanillish,151,138,139,ice,VANILLITE
vanillite,582,Vanillite,118,106,113,ice,VANILLITE
vanilluxe,584,Vanilluxe,218,184,174,ice,VANILLITE
vaporeon,134,Vaporeon,205,161,277,water,EEVEE
varoom,965,Varoom,123,107,128,steel|poison,VAROOM
veluza,976,Veluza,196,139,207,water|psychic,
venipede,543,Venipede,83,99,102,bug|poison,VENIPEDE
venomoth,49,Venomoth,179,143,172,bug|poison,VENONAT
venonat,48,Venonat,100,100,155,bug|poison,VENONAT
venusaur,3,Venusaur,198,189,190,grass|poison,BULBASAUR
venusaurmega,3,Venusaur (Mega),241,246,190,grass|poison,BULBASAUR
vespiquen,416,Vespiquen,149,190,172,bug|flying,COMBEE
vibrava,329,Vibrava,134,99,137,ground|dragon,TRAPINCH
victini,494,Victini,210,210,225,psychic|fire,
victreebel,71,Victreebel,207,135,190,grass|poison,BELLSPROUT
victreebelmega,71,Victreebel (Mega),265,181,190,grass|poison,BELLSPROUT
vigoroth,288,Vigoroth,159,145,190,normal,SLAKOTH
vikavolt,738,Vikavolt,254,158,184,bug|electric,GRUBBIN
vileplume,45,Vileplume,202,167,181,grass|poison,ODDISH
virizion,640,Virizion,192,229,209,grass|fighting,
vivillon,666,Vivillon,176,103,190,bug|flying,SCATTERBUG
volbeat,313,Volbeat,143,166,163,bug,
volcanion,721,Volcanion,252,216,190,fire|water,
volcarona,637,Volcarona,264,189,198,bug|fire,LARVESTA
voltorb,100,Voltorb,109,111,120,electric,VOLTORB
voltorbhisuian,100,Voltorb (Hisuian),109,111,120,grass|electric,VOLTORB
vullaby,629,Vullaby,105,139,172,dark|flying,VULLABY
vulpix,37,Vulpix,96,109,116,fire,VULPIX
vulpixalolan,37,Vulpix (Alolan),96,109,116,ice,VULPIX
wailmer,320,Wailmer,136,68,277,water,WAILMER
wailord,321,Wailord,175,87,347,water,WAILMER
walkingwake,1009,Walking Wake,233,171,203,water|dragon,
walrein,365,Walrein,182,176,242,ice|water,SPHEAL
wartortle,8,Wartortle,126,155,153,water,SQUIRTLE
watchog,505,Watchog,165,139,155,normal,PATRAT
wattrel,940,Wattrel,105,75,120,electric|flying,WATTREL
weavile,461,Weavile,243,171,172,dark|ice,SNEASEL
weedle,13,Weedle,63,50,120,bug|poison,WEEDLE
weepinbell,70,Weepinbell,172,92,163,grass|poison,BELLSPROUT
weezing,110,Weezing,174,197,163,poison,KOFFING
weezinggalarian,110,Weezing (Galarian),174,197,163,poison|fairy,KOFFING
whimsicott,547,Whimsicott,164,176,155,grass|fairy,COTTONEE
whirlipede,544,Whirlipede,100,173,120,bug|poison,VENIPEDE
whiscash,340,Whiscash,151,141,242,water|ground,BARBOACH
whismur,293,Whismur,92,42,162,normal,WHISMUR
wigglytuff,40,Wigglytuff,156,90,295,normal|fairy,JIGGLYPUFF
wiglett,960,Wiglett,109,52,67,water,WIGLETT
wimpod,767,Wimpod,67,74,93,bug|water,WIMPOD
wingull,278,Wingull,106,61,120,water|flying,WINGULL
wishiwashi,746,Wishiwashi,46,43,128,water,
wishiwashischool,746,Wishiwashi (School),255,242,128,water,
wishiwashisolo,746,Wishiwashi (Solo),46,43,128,water,
wobbuffet,202,Wobbuffet,60,106,382,psychic,WOBBUFFET
wochien,1001,Wo-Chien,186,242,198,dark|grass,
woobat,527,Woobat,107,85,163,psychic|flying,WOOBAT
wooloo,831,Wooloo,76,97,123,normal,WOOLOO
wooper,194,Wooper,75,66,146,water|ground,WOOPER
wooperpaldean,194,Wooper (Paldean),75,66,146,poison|ground,WOOPER_PALDEAN
wormadamplant,413,Wormadam (Plant),141,180,155,bug|grass,BURMY
wormadamsandy,413,Wormadam (Sandy),141,180,155,bug|ground,BURMY
wormadamtrash,413,Wormadam (Trash),127,175,155,bug|steel,BURMY
wugtrio,961,Wugtrio,205,136,111,water,WIGLETT
wurmple,265,Wurmple,75,59,128,bug,WURMPLE
wynaut,360,Wynaut,41,86,216,psychic,WOBBUFFET
wyrdeer,899,Wyrdeer,206,145,230,normal|psychic,STANTLER
xatu,178,Xatu,192,146,163,psychic|flying,NATU
xerneas,716,Xerneas,250,185,246,fairy,
xurkitree,796,Xurkitree,330,144,195,electric,
yamask,562,Yamask,95,141,116,ghost,YAMASK
yamaskgalarian,562,Yamask (Galarian),95,141,116,ground|ghost,YAMASK
yamper,835,Yamper,80,90,153,electric,YAMPER
yanma,193,Yanma,154,94,163,bug|flying,YANMA
yanmega,469,Yanmega,231,156,200,bug|flying,YANMA
yungoos,734,Yungoos,122,56,134,normal,YUNGOOS
yveltal,717,Yveltal,250,185,246,dark|flying,
zaciancrownedsword,888,Zacian (Crowned Sword),332,240,192,fairy|steel,
zacianhero,888,Zacian (Hero),254,236,192,fairy,
zamazentacrownedshield,889,Zamazenta (Crowned Shield),250,292,192,fighting|steel,
zamazentahero,889,Zamazenta (Hero),254,236,192,fighting,
zangoose,335,Zangoose,222,124,177,normal,
zapdos,145,Zapdos,253,185,207,electric|flying,
zapdosgalarian,145,Zapdos (Galarian),252,189,207,fighting|flying,
zarude,893,Zarude,242,215,233,dark|grass,
zebstrika,523,Zebstrika,211,136,181,electric,BLITZLE
zekrom,644,Zekrom,275,211,205,dragon|electric,
zeraora,807,Zeraora,252,177,204,electric,
zigzagoon,263,Zigzagoon,58,80,116,normal,ZIGZAGOON
zigzagoongalarian,263,Zigzagoon (Galarian),58,80,116,dark|normal,ZIGZAGOON
zoroark,571,Zoroark,250,127,155,dark,ZORUA
zoroarkhisuian,571,Zoroark (Hisuian),261,128,146,normal|ghost,ZORUA
zorua,570,Zorua,153,78,120,dark,ZORUA
zoruahisuian,570,Zorua (Hisuian),162,79,111,normal|ghost,ZORUA
zubat,41,Zubat,83,73,120,poison|flying,ZUBAT
zweilous,634,Zweilous,159,135,176,dark|dragon,DEINO
zygarde10forme,718,Zygarde (10% Forme),205,173,144,dragon|ground,
zygarde50forme,718,Zygarde (50% Forme),203,232,239,dragon|ground,
zygardecompleteforme,718,Zygarde (Complete Forme),184,207,389,dragon|ground,
